[
  {
    "id": "p_rewrite_01",
    "slug": "rewrite-for-clarity",
    "title": "Rewrite for Clarity",
    "short_description": "Rewrite text to be clearer, shorter, and easier to understand.",
    "category_id": "writing",
    "tags": ["rewrite", "clarity", "writing"],
    "prompt_template": "You are a careful editor.\n\nRewrite the following text for clarity while preserving meaning.\n\nConstraints:\n- Target audience: {{audience}}\n- Tone: {{tone}}\n- Keep it under {{max_words}} words\n- If facts are unclear, flag them instead of inventing.\n\nText:\n{{input_text}}\n\nOutput format:\n- Provide the rewritten version\n- Then list 3 bullet points explaining the main changes",
    "input_fields": [
      { "key": "audience", "label": "Audience", "required": true, "description": "Who this is written for" },
      { "key": "tone", "label": "Tone", "required": true, "description": "Friendly, formal, direct, etc." },
      { "key": "max_words", "label": "Max words", "required": true, "description": "Word limit (number)" },
      { "key": "input_text", "label": "Input text", "required": true, "description": "Text to rewrite" }
    ],
    "output_format": { "type": "text", "description": "Rewritten text + 3 bullets explaining changes" },
    "created_at": "2026-01-05",
    "updated_at": "2026-01-05"
  },
  {
    "id": "p_email_01",
    "slug": "cold-email-generator",
    "title": "Cold Email Generator",
    "short_description": "Generate a short cold email with a clear ask and a polite close.",
    "category_id": "business",
    "tags": ["email", "sales", "outreach"],
    "prompt_template": "Write a cold email.\n\nInputs:\n- Sender: {{sender}}\n- Recipient role: {{recipient_role}}\n- Product/service: {{offer}}\n- Value proposition: {{value_prop}}\n- Call to action: {{cta}}\n\nConstraints:\n- 120-170 words\n- No hype, no exclamation marks\n- Clear subject line\n\nOutput format:\nSubject: ...\n\nBody:\n...\n",
    "input_fields": [
      { "key": "sender", "label": "Sender", "required": true, "description": "Your name/company" },
      { "key": "recipient_role", "label": "Recipient role", "required": true, "description": "Who you're emailing" },
      { "key": "offer", "label": "Offer", "required": true, "description": "What you're offering" },
      { "key": "value_prop", "label": "Value proposition", "required": true, "description": "Why they should care" },
      { "key": "cta", "label": "Call to action", "required": true, "description": "What you want them to do" }
    ],
    "output_format": { "type": "text", "description": "Subject + email body" },
    "created_at": "2026-01-05",
    "updated_at": "2026-01-05"
  }
]
